"","query","lat","lon","lat_min","lat_max","lon_min","lon_max"
"1","Brumunddal, Norway",60.8866339,10.9368128,60.8466339,60.9266339,10.8968128,10.9768128
"2","Oddernes, Norway",58.1603417,8.0125694,58.1503417,58.1703417,8.0025694,8.0225694
"3","Fredrikstad, Norway",59.18620125,10.8680241079714,59.0448769,59.3240315,10.6050122,11.1307181
"4","Skogn, Norway",63.704128,11.1862451,63.684128,63.724128,11.1662451,11.2062451
"5","Askim, Norway",59.59696925,11.1720143863273,59.5380472,59.6559701,11.0905847,11.2609844
"6","Melhus, Norway",63.18143325,10.308134487484,63.0196857,63.3446323,9.8784072,10.7161636
"7","Varhol, Norway",62.858364,7.226055,62.858314,62.858414,7.226005,7.226105
"8","Steinkjer, Norway",64.0946837,11.7501636241319,63.8609352,64.3302902,11.1651412,12.3779535
"9","Varhol Fræna, Norway",62.858364,7.226055,62.858314,62.858414,7.226005,7.226105
"10","Lurahallen, Norway",58.8822937,5.7387416298317,58.8819992,58.8824283,5.7383661,5.7391393
"11","Grubhei, Norway",66.3210252,14.1930112,66.3209752,66.3210752,14.1929612,14.1930612
"12","Bergen, Norway",60.3943034,5.3258117,60.1760905,60.5360925,5.1445788,5.6867918
"13","Brumunddal, Norway",60.8866339,10.9368128,60.8466339,60.9266339,10.8968128,10.9768128
"14","Brumunddal, Norway",60.8866339,10.9368128,60.8466339,60.9266339,10.8968128,10.9768128
"15","Sande, Norway",59.5837488,10.2343919908804,59.4933454,59.674011,10.0374635,10.3980153
"16","Sande, Norway",59.5837488,10.2343919908804,59.4933454,59.674011,10.0374635,10.3980153
"17","Haukelandshallen, Norway",60.36997165,5.35460308090139,60.3696263,60.3704408,5.3535616,5.355473
"18","Haukelandshallen, Norway",60.36997165,5.35460308090139,60.3696263,60.3704408,5.3535616,5.355473
"19","Halden, Norway",59.0680555,11.5371910022398,58.8768947,59.2596125,11.1535062,11.7105158
"20","Lurahallen, Norway",58.8822937,5.7387416298317,58.8819992,58.8824283,5.7383661,5.7391393
"21","Sande, Norway",59.5837488,10.2343919908804,59.4933454,59.674011,10.0374635,10.3980153
"22","Brumunddal, Norway",60.8866339,10.9368128,60.8466339,60.9266339,10.8968128,10.9768128
"23","Halden, Norway",59.0680555,11.5371910022398,58.8768947,59.2596125,11.1535062,11.7105158
"24","Alta, Norway",70.04962755,23.0825349565332,69.6454509,70.4480212,22.1858185,24.2182312
"25","Halden, Norway",59.0680555,11.5371910022398,58.8768947,59.2596125,11.1535062,11.7105158
"26","Fræna, Norway",62.99886695,6.99223377108633,62.7521446,63.2463973,6.4993041,7.4296574
"27","Fredrikstad, Norway",59.18620125,10.8680241079714,59.0448769,59.3240315,10.6050122,11.1307181
"28","Bergen, Norway",60.3943034,5.3258117,60.1760905,60.5360925,5.1445788,5.6867918
"29","Sande, Norway",59.5837488,10.2343919908804,59.4933454,59.674011,10.0374635,10.3980153
"30","Fræna, Norway",62.99886695,6.99223377108633,62.7521446,63.2463973,6.4993041,7.4296574
"31","Askim, Norway",59.59696925,11.1720143863273,59.5380472,59.6559701,11.0905847,11.2609844
"32","Lurahallen, Norway",58.8822937,5.7387416298317,58.8819992,58.8824283,5.7383661,5.7391393
"33","Drammen, Norway",59.7436749,10.2043749,59.7036749,59.7836749,10.1643749,10.2443749
"34","Spikkestad, Norway",59.7443236,10.3400476,59.7243236,59.7643236,10.3200476,10.3600476
"35","Fræna, Norway",62.99886695,6.99223377108633,62.7521446,63.2463973,6.4993041,7.4296574
"36","Grubhei, Norway",66.3210252,14.1930112,66.3209752,66.3210752,14.1929612,14.1930612
"37","Hamar, Norway",61.0014937,11.1647964100657,60.7689841,61.2360447,10.9809795,11.2796864
"38","Ganddal, Norway",58.8229843,5.7142597,58.8029843,58.8429843,5.6942597,5.7342597
"39","Trondheim, Norway",63.4305658,10.3951929,63.2705658,63.5905658,10.2351929,10.5551929
"40","Gressvik, Norway",59.2182472,10.9063889,59.1982472,59.2382472,10.8863889,10.9263889
"41","Sande, Norway",59.5837488,10.2343919908804,59.4933454,59.674011,10.0374635,10.3980153
"42","Alta, Norway",70.04962755,23.0825349565332,69.6454509,70.4480212,22.1858185,24.2182312
"43","Florø, Norway",61.62047785,4.89471306267574,61.4563294,61.7834637,4.1298997,5.7334397
"44","Lurahallen, Norway",58.8822937,5.7387416298317,58.8819992,58.8824283,5.7383661,5.7391393
"45","Stavanger, Norway",58.9680427,5.7324722,58.8080427,59.1280427,5.5724722,5.8924722
"46","Haukelandshallen, Norway",60.36997165,5.35460308090139,60.3696263,60.3704408,5.3535616,5.355473
"47","Melhus, Norway",63.18143325,10.308134487484,63.0196857,63.3446323,9.8784072,10.7161636
"48","Grubhei, Norway",66.3210252,14.1930112,66.3209752,66.3210752,14.1929612,14.1930612
"49","Dokka, Norway",61.0135007,10.0582517,60.9228736,61.0870988,9.9826137,10.1132918
"50","Sande, Norway",59.5837488,10.2343919908804,59.4933454,59.674011,10.0374635,10.3980153
"51","Halden, Norway",59.0680555,11.5371910022398,58.8768947,59.2596125,11.1535062,11.7105158
"52","Brumunddal, Norway",60.8866339,10.9368128,60.8466339,60.9266339,10.8968128,10.9768128
"53","Gressvik, Norway",59.2182472,10.9063889,59.1982472,59.2382472,10.8863889,10.9263889
"54","Fræna, Norway",62.99886695,6.99223377108633,62.7521446,63.2463973,6.4993041,7.4296574
"55","Bergen, Norway",60.3943034,5.3258117,60.1760905,60.5360925,5.1445788,5.6867918
"56","Oslo, Norway",59.9133301,10.7389701,59.7533301,60.0733301,10.5789701,10.8989701
"57","Sandnes, Norway",58.8516736,5.7367185,58.8116736,58.8916736,5.6967185,5.7767185
"58","Melhus, Norway",63.18143325,10.308134487484,63.0196857,63.3446323,9.8784072,10.7161636
"59","Bergen, Norway",60.3943034,5.3258117,60.1760905,60.5360925,5.1445788,5.6867918
"60","Oslo, Norway",59.9133301,10.7389701,59.7533301,60.0733301,10.5789701,10.8989701
"61","Ganddal, Norway",58.8229843,5.7142597,58.8029843,58.8429843,5.6942597,5.7342597
"62","Fræna, Norway",62.99886695,6.99223377108633,62.7521446,63.2463973,6.4993041,7.4296574
"63","Sande, Norway",59.5837488,10.2343919908804,59.4933454,59.674011,10.0374635,10.3980153
"64","Brumunddal, Norway",60.8866339,10.9368128,60.8466339,60.9266339,10.8968128,10.9768128
"65","Brumunddal, Norway",60.8866339,10.9368128,60.8466339,60.9266339,10.8968128,10.9768128
"66","Fræna, Norway",62.99886695,6.99223377108633,62.7521446,63.2463973,6.4993041,7.4296574
"67","Skedsmo, Norway",59.991267,11.0607272194525,59.9374133,60.0450979,10.9337342,11.1784383
"68","Askim, Norway",59.59696925,11.1720143863273,59.5380472,59.6559701,11.0905847,11.2609844
"69","Sandnes, Norway",58.8516736,5.7367185,58.8116736,58.8916736,5.6967185,5.7767185
"70","Askim, Norway",59.59696925,11.1720143863273,59.5380472,59.6559701,11.0905847,11.2609844
"71","Bergen, Norway",60.3943034,5.3258117,60.1760905,60.5360925,5.1445788,5.6867918
"72","Sande, Norway",59.5837488,10.2343919908804,59.4933454,59.674011,10.0374635,10.3980153
"73","Bergen, Norway",60.3943034,5.3258117,60.1760905,60.5360925,5.1445788,5.6867918
"74","Gressvik, Norway",59.2182472,10.9063889,59.1982472,59.2382472,10.8863889,10.9263889
"75","Fræna, Norway",62.99886695,6.99223377108633,62.7521446,63.2463973,6.4993041,7.4296574
"76","Ganddal, Norway",58.8229843,5.7142597,58.8029843,58.8429843,5.6942597,5.7342597
"77","Trondheim, Norway",63.4305658,10.3951929,63.2705658,63.5905658,10.2351929,10.5551929
"78","Oslo, Norway",59.9133301,10.7389701,59.7533301,60.0733301,10.5789701,10.8989701
"79","Trondheim, Norway",63.4305658,10.3951929,63.2705658,63.5905658,10.2351929,10.5551929
"80","Moss, Norway",59.46288825,10.6573031848424,59.3930639,59.5345809,10.5366786,10.7863953
"81","Moss, Norway",59.46288825,10.6573031848424,59.3930639,59.5345809,10.5366786,10.7863953
"82","Alta, Norway",70.04962755,23.0825349565332,69.6454509,70.4480212,22.1858185,24.2182312
"83","Trondheim, Norway",63.4305658,10.3951929,63.2705658,63.5905658,10.2351929,10.5551929
"84","Sandnes, Norway",58.8516736,5.7367185,58.8116736,58.8916736,5.6967185,5.7767185
"85","Fræna, Norway",62.99886695,6.99223377108633,62.7521446,63.2463973,6.4993041,7.4296574
"86","Sandnes, Norway",58.8516736,5.7367185,58.8116736,58.8916736,5.6967185,5.7767185
"87","Island, Norway",59.318975,9.6515778,59.308975,59.328975,9.6415778,9.6615778
"88","Halden, Norway",59.0680555,11.5371910022398,58.8768947,59.2596125,11.1535062,11.7105158
"89","Stavanger, Norway",58.9680427,5.7324722,58.8080427,59.1280427,5.5724722,5.8924722
"90","Ulefoss, Norway",59.2839949,9.264519,59.2639949,59.3039949,9.244519,9.284519
"91","Fredrikstad, Norway",59.18620125,10.8680241079714,59.0448769,59.3240315,10.6050122,11.1307181
"92","Sande, Norway",59.5837488,10.2343919908804,59.4933454,59.674011,10.0374635,10.3980153
"93","Skogn, Norway",63.704128,11.1862451,63.684128,63.724128,11.1662451,11.2062451
"94","Sande, Norway",59.5837488,10.2343919908804,59.4933454,59.674011,10.0374635,10.3980153
"95","Mo i Rana, Norway",66.3160806,14.1496722,66.2760806,66.3560806,14.1096722,14.1896722
"96","Gruben, Norway",59.2734944,9.3122,59.2634944,59.2834944,9.3022,9.3222
"97","Brumunddal, Norway",60.8866339,10.9368128,60.8466339,60.9266339,10.8968128,10.9768128
"98","Bergen, Norway",60.3943034,5.3258117,60.1760905,60.5360925,5.1445788,5.6867918
"99","Alta, Norway",70.04962755,23.0825349565332,69.6454509,70.4480212,22.1858185,24.2182312
"100","Dokka, Norway",61.0135007,10.0582517,60.9228736,61.0870988,9.9826137,10.1132918
"101","Skogn, Norway",63.704128,11.1862451,63.684128,63.724128,11.1662451,11.2062451
"102","Kristiansand, Norway",58.14615,7.9957333,57.98615,58.30615,7.8357333,8.1557333
"103","Askim, Norway",59.59696925,11.1720143863273,59.5380472,59.6559701,11.0905847,11.2609844
"104","Voss, Norway",60.7135767,6.42693253401713,60.4674169,60.9595517,5.842746,6.9858681
"105","Fræna, Norway",62.99886695,6.99223377108633,62.7521446,63.2463973,6.4993041,7.4296574
"106","Alta, Norway",70.04962755,23.0825349565332,69.6454509,70.4480212,22.1858185,24.2182312
"107","Sande, Norway",59.5837488,10.2343919908804,59.4933454,59.674011,10.0374635,10.3980153
"108","Halden, Norway",59.0680555,11.5371910022398,58.8768947,59.2596125,11.1535062,11.7105158
"109","Askim, Norway",59.59696925,11.1720143863273,59.5380472,59.6559701,11.0905847,11.2609844
"110","Skogn, Norway",63.704128,11.1862451,63.684128,63.724128,11.1662451,11.2062451
"111","Gruben, Norway",59.2734944,9.3122,59.2634944,59.2834944,9.3022,9.3222
"112","Fræna, Norway",62.99886695,6.99223377108633,62.7521446,63.2463973,6.4993041,7.4296574
"113","Brumunddal, Norway",60.8866339,10.9368128,60.8466339,60.9266339,10.8968128,10.9768128
"114","Spikkestad, Norway",59.7443236,10.3400476,59.7243236,59.7643236,10.3200476,10.3600476
"115","Steinkjer, Norway",64.0946837,11.7501636241319,63.8609352,64.3302902,11.1651412,12.3779535
"116","Brumunddal, Norway",60.8866339,10.9368128,60.8466339,60.9266339,10.8968128,10.9768128
"117","Fræna, Norway",62.99886695,6.99223377108633,62.7521446,63.2463973,6.4993041,7.4296574
"118","Skoger, Norway",59.6762441,10.2479767,59.6562441,59.6962441,10.2279767,10.2679767
"119","Gruben, Norway",59.2734944,9.3122,59.2634944,59.2834944,9.3022,9.3222
"120","Stavanger, Norway",58.9680427,5.7324722,58.8080427,59.1280427,5.5724722,5.8924722
"121","Sande, Norway",59.5837488,10.2343919908804,59.4933454,59.674011,10.0374635,10.3980153
"122","Haukelandshallen, Norway",60.36997165,5.35460308090139,60.3696263,60.3704408,5.3535616,5.355473
"123","Ganddal, Norway",58.8229843,5.7142597,58.8029843,58.8429843,5.6942597,5.7342597
"124","Askim, Norway",59.59696925,11.1720143863273,59.5380472,59.6559701,11.0905847,11.2609844
"125","Melhus, Norway",63.18143325,10.308134487484,63.0196857,63.3446323,9.8784072,10.7161636
"126","Gressvik, Norway",59.2182472,10.9063889,59.1982472,59.2382472,10.8863889,10.9263889
"127","Trondheim, Norway",63.4305658,10.3951929,63.2705658,63.5905658,10.2351929,10.5551929
"128","Sandehallen, Norway",59.5866073,10.2420267,59.5865573,59.5866573,10.2419767,10.2420767
"129","Voss, Norway",60.7135767,6.42693253401713,60.4674169,60.9595517,5.842746,6.9858681
"130","Stavanger, Norway",58.9680427,5.7324722,58.8080427,59.1280427,5.5724722,5.8924722
"131","Halden, Norway",59.0680555,11.5371910022398,58.8768947,59.2596125,11.1535062,11.7105158
"132","Askim, Norway",59.59696925,11.1720143863273,59.5380472,59.6559701,11.0905847,11.2609844
"133","Sandehallen, Norway",59.5866073,10.2420267,59.5865573,59.5866573,10.2419767,10.2420767
"134","Brumunddal, Norway",60.8866339,10.9368128,60.8466339,60.9266339,10.8968128,10.9768128
"135","Brumunddal, Norway",60.8866339,10.9368128,60.8466339,60.9266339,10.8968128,10.9768128
"136","Fredrikstad, Norway",59.18620125,10.8680241079714,59.0448769,59.3240315,10.6050122,11.1307181
"137","Gruben, Norway",59.2734944,9.3122,59.2634944,59.2834944,9.3022,9.3222
"138","Brumunddal, Norway",60.8866339,10.9368128,60.8466339,60.9266339,10.8968128,10.9768128
"139","Sundbyfoss, Norway",59.5129519,10.1258689,59.4929519,59.5329519,10.1058689,10.1458689
"140","Halden, Norway",59.0680555,11.5371910022398,58.8768947,59.2596125,11.1535062,11.7105158
"141","Hammerfest, Norway",70.80294355,23.3018328267492,70.392674,71.1862281,22.2983382,24.17219
"142","Sundbyfoss, Norway",59.5129519,10.1258689,59.4929519,59.5329519,10.1058689,10.1458689
"143","Askim, Norway",59.59696925,11.1720143863273,59.5380472,59.6559701,11.0905847,11.2609844
"144","Sandnes, Norway",58.8516736,5.7367185,58.8116736,58.8916736,5.6967185,5.7767185
"145","Varhol, Norway",62.858364,7.226055,62.858314,62.858414,7.226005,7.226105
"146","Askim, Norway",59.59696925,11.1720143863273,59.5380472,59.6559701,11.0905847,11.2609844
"147","Lisleby, Norway",59.2330722,10.9771056,59.2130722,59.2530722,10.9571056,10.9971056
"148","Alta, Norway",70.04962755,23.0825349565332,69.6454509,70.4480212,22.1858185,24.2182312
"149","Sande, Norway",59.5837488,10.2343919908804,59.4933454,59.674011,10.0374635,10.3980153
"150","Holmestrand, Norway",59.5556434,10.0731089230806,59.4468949,59.6644855,9.9153293,10.3462111
"151","Skoger, Norway",59.6762441,10.2479767,59.6562441,59.6962441,10.2279767,10.2679767
"152","Haukelandshallen, Norway",60.36997165,5.35460308090139,60.3696263,60.3704408,5.3535616,5.355473
"153","Halden, Norway",59.0680555,11.5371910022398,58.8768947,59.2596125,11.1535062,11.7105158
"154","Haukelandshallen, Norway",60.36997165,5.35460308090139,60.3696263,60.3704408,5.3535616,5.355473
"155","Oslo, Norway",59.9133301,10.7389701,59.7533301,60.0733301,10.5789701,10.8989701
"156","Voss, Norway",60.7135767,6.42693253401713,60.4674169,60.9595517,5.842746,6.9858681
"157","Sande, Norway",59.5837488,10.2343919908804,59.4933454,59.674011,10.0374635,10.3980153
"158","Halden, Norway",59.0680555,11.5371910022398,58.8768947,59.2596125,11.1535062,11.7105158
"159","Varhol, Norway",62.858364,7.226055,62.858314,62.858414,7.226005,7.226105
"160","Steinkjer, Norway",64.0946837,11.7501636241319,63.8609352,64.3302902,11.1651412,12.3779535
"161","Askim, Norway",59.59696925,11.1720143863273,59.5380472,59.6559701,11.0905847,11.2609844
"162","Sogndal, Norway",61.3310578,6.81926496385333,61.0917956,61.5702471,6.5617251,7.4298011
"163","Lademoen, Norway",63.4364047,10.4196632,63.4363547,63.4364547,10.4196132,10.4197132
"164","Fræna, Norway",62.99886695,6.99223377108633,62.7521446,63.2463973,6.4993041,7.4296574
"165","Sande, Norway",59.5837488,10.2343919908804,59.4933454,59.674011,10.0374635,10.3980153
"166","Fræna, Norway",62.99886695,6.99223377108633,62.7521446,63.2463973,6.4993041,7.4296574
"167","Gressvik, Norway",59.2182472,10.9063889,59.1982472,59.2382472,10.8863889,10.9263889
"168","Halden, Norway",59.0680555,11.5371910022398,58.8768947,59.2596125,11.1535062,11.7105158
"169","Tysværtunet, Norway",59.42347845,5.44514783170017,59.4230963,59.4238495,5.4433223,5.446395
"170","Gruben, Norway",59.2734944,9.3122,59.2634944,59.2834944,9.3022,9.3222
"171","Brumunddal, Norway",60.8866339,10.9368128,60.8466339,60.9266339,10.8968128,10.9768128
"172","Spikkestad, Norway",59.7443236,10.3400476,59.7243236,59.7643236,10.3200476,10.3600476
"173","Brumunddal, Norway",60.8866339,10.9368128,60.8466339,60.9266339,10.8968128,10.9768128
"174","Gruben, Norway",59.2734944,9.3122,59.2634944,59.2834944,9.3022,9.3222
"175","Oslo, Norway",59.9133301,10.7389701,59.7533301,60.0733301,10.5789701,10.8989701
"176","Steinkjer, Norway",64.0946837,11.7501636241319,63.8609352,64.3302902,11.1651412,12.3779535
"177","Skogn, Norway",63.704128,11.1862451,63.684128,63.724128,11.1662451,11.2062451
"178","Haukelandshallen, Norway",60.36997165,5.35460308090139,60.3696263,60.3704408,5.3535616,5.355473
"179","Sande, Norway",59.5837488,10.2343919908804,59.4933454,59.674011,10.0374635,10.3980153
"180","Varhol Fræna, Norway",62.858364,7.226055,62.858314,62.858414,7.226005,7.226105
"181","Fræna, Norway",62.99886695,6.99223377108633,62.7521446,63.2463973,6.4993041,7.4296574
"182","Sandehallen, Norway",59.5866073,10.2420267,59.5865573,59.5866573,10.2419767,10.2420767
"183","Halden, Norway",59.0680555,11.5371910022398,58.8768947,59.2596125,11.1535062,11.7105158
"184","Bergen, Norway",60.3943034,5.3258117,60.1760905,60.5360925,5.1445788,5.6867918
"185","Steinkjer, Norway",64.0946837,11.7501636241319,63.8609352,64.3302902,11.1651412,12.3779535
"186","Tysvær, Norway",59.3579105,5.64851798073041,59.2090589,59.4996755,5.3435758,5.9219726
"187","Sande, Norway",59.5837488,10.2343919908804,59.4933454,59.674011,10.0374635,10.3980153
"188","Brumunddal, Norway",60.8866339,10.9368128,60.8466339,60.9266339,10.8968128,10.9768128
"189","Gressvik, Norway",59.2182472,10.9063889,59.1982472,59.2382472,10.8863889,10.9263889
"190","Skoger, Norway",59.6762441,10.2479767,59.6562441,59.6962441,10.2279767,10.2679767
"191","Island, Norway",59.318975,9.6515778,59.308975,59.328975,9.6415778,9.6615778
"192","Skedsmokorset, Norway",60.0045779,11.0327969,59.9845779,60.0245779,11.0127969,11.0527969
"193","Sandnes, Norway",58.8516736,5.7367185,58.8116736,58.8916736,5.6967185,5.7767185
"194","Gruva, Norway",59.3865351,10.1994251,59.3765351,59.3965351,10.1894251,10.2094251
"195","Askim, Norway",59.59696925,11.1720143863273,59.5380472,59.6559701,11.0905847,11.2609844
"196","Finnmark, Norway",69.9698869,24.7685445810736,68.5545918,71.3848787,20.4797325,31.7614911
"197","Brumunddal, Norway",60.8866339,10.9368128,60.8466339,60.9266339,10.8968128,10.9768128
"198","Ulefoss, Norway",59.2839949,9.264519,59.2639949,59.3039949,9.244519,9.284519
"199","Sundbyfoss, Norway",59.5129519,10.1258689,59.4929519,59.5329519,10.1058689,10.1458689
"200","Moss, Norway",59.46288825,10.6573031848424,59.3930639,59.5345809,10.5366786,10.7863953
"201","Skogn, Norway",63.704128,11.1862451,63.684128,63.724128,11.1662451,11.2062451
"202","Fræna, Norway",62.99886695,6.99223377108633,62.7521446,63.2463973,6.4993041,7.4296574
"203","Sandnes, Norway",58.8516736,5.7367185,58.8116736,58.8916736,5.6967185,5.7767185
"204","Brumunddal, Norway",60.8866339,10.9368128,60.8466339,60.9266339,10.8968128,10.9768128
"205","Bergen, Norway",60.3943034,5.3258117,60.1760905,60.5360925,5.1445788,5.6867918
"206","Stavanger, Norway",58.9680427,5.7324722,58.8080427,59.1280427,5.5724722,5.8924722
"207","Sandehallen, Norway",59.5866073,10.2420267,59.5865573,59.5866573,10.2419767,10.2420767
"208","Bergen, Norway",60.3943034,5.3258117,60.1760905,60.5360925,5.1445788,5.6867918
"209","Spikkestad, Norway",59.7443236,10.3400476,59.7243236,59.7643236,10.3200476,10.3600476
"210","Askim, Norway",59.59696925,11.1720143863273,59.5380472,59.6559701,11.0905847,11.2609844
"211","Halden, Norway",59.0680555,11.5371910022398,58.8768947,59.2596125,11.1535062,11.7105158
"212","Fræna, Norway",62.99886695,6.99223377108633,62.7521446,63.2463973,6.4993041,7.4296574
"213","Fræna, Norway",62.99886695,6.99223377108633,62.7521446,63.2463973,6.4993041,7.4296574
"214","Gruva, Norway",59.3865351,10.1994251,59.3765351,59.3965351,10.1894251,10.2094251
"215","Gruva, Norway",59.3865351,10.1994251,59.3765351,59.3965351,10.1894251,10.2094251
"216","Spikkestad, Norway",59.7443236,10.3400476,59.7243236,59.7643236,10.3200476,10.3600476
"217","Bergen, Norway",60.3943034,5.3258117,60.1760905,60.5360925,5.1445788,5.6867918
"218","Fræna, Norway",62.99886695,6.99223377108633,62.7521446,63.2463973,6.4993041,7.4296574
"219","Skedsmo, Norway",59.991267,11.0607272194525,59.9374133,60.0450979,10.9337342,11.1784383
"220","Stavanger, Norway",58.9680427,5.7324722,58.8080427,59.1280427,5.5724722,5.8924722
"221","Varhol, Norway",62.858364,7.226055,62.858314,62.858414,7.226005,7.226105
"222","Sandehallen, Norway",59.5866073,10.2420267,59.5865573,59.5866573,10.2419767,10.2420767
"223","Haugesund, Norway",59.4154805,5.2636464,59.3754805,59.4554805,5.2236464,5.3036464
"224","Varhol Fræna, Norway",62.858364,7.226055,62.858314,62.858414,7.226005,7.226105
"225","Steinkjer, Norway",64.0946837,11.7501636241319,63.8609352,64.3302902,11.1651412,12.3779535
"226","Hammerfest, Norway",70.80294355,23.3018328267492,70.392674,71.1862281,22.2983382,24.17219
"227","Haukelandshallen Bergen, Norway",60.36997165,5.35460308090139,60.3696263,60.3704408,5.3535616,5.355473
"228","Moss, Norway",59.46288825,10.6573031848424,59.3930639,59.5345809,10.5366786,10.7863953
"229","Trondheim, Norway",63.4305658,10.3951929,63.2705658,63.5905658,10.2351929,10.5551929
"230","Mo i Rana, Norway",66.3160806,14.1496722,66.2760806,66.3560806,14.1096722,14.1896722
"231","Halden, Norway",59.0680555,11.5371910022398,58.8768947,59.2596125,11.1535062,11.7105158
"232","Ganddal, Norway",58.8229843,5.7142597,58.8029843,58.8429843,5.6942597,5.7342597
"233","Rana, Norway",66.43971315,14.3945922974618,66.0955421,66.7838769,13.1882704,15.5333652
"234","Fræna, Norway",62.99886695,6.99223377108633,62.7521446,63.2463973,6.4993041,7.4296574
"235","Halden, Norway",59.0680555,11.5371910022398,58.8768947,59.2596125,11.1535062,11.7105158
"236","Fræna, Norway",62.99886695,6.99223377108633,62.7521446,63.2463973,6.4993041,7.4296574
"237","Bergen, Norway",60.3943034,5.3258117,60.1760905,60.5360925,5.1445788,5.6867918
"238","Trondheim, Norway",63.4305658,10.3951929,63.2705658,63.5905658,10.2351929,10.5551929
"239","Alta, Norway",70.04962755,23.0825349565332,69.6454509,70.4480212,22.1858185,24.2182312
"240","Varhol, Norway",62.858364,7.226055,62.858314,62.858414,7.226005,7.226105
"241","Drammen, Norway",59.7436749,10.2043749,59.7036749,59.7836749,10.1643749,10.2443749
"242","Bergen, Norway",60.3943034,5.3258117,60.1760905,60.5360925,5.1445788,5.6867918
"243","Kristiansand, Norway",58.14615,7.9957333,57.98615,58.30615,7.8357333,8.1557333
"244","Skedsmo, Norway",59.991267,11.0607272194525,59.9374133,60.0450979,10.9337342,11.1784383
"245","Florø, Norway",61.62047785,4.89471306267574,61.4563294,61.7834637,4.1298997,5.7334397
"246","Spikkestad, Norway",59.7443236,10.3400476,59.7243236,59.7643236,10.3200476,10.3600476
"247","Sandnes, Norway",58.8516736,5.7367185,58.8116736,58.8916736,5.6967185,5.7767185
"248","Brumunddal, Norway",60.8866339,10.9368128,60.8466339,60.9266339,10.8968128,10.9768128
"249","Halden, Norway",59.0680555,11.5371910022398,58.8768947,59.2596125,11.1535062,11.7105158
"250","Sandehallen, Norway",59.5866073,10.2420267,59.5865573,59.5866573,10.2419767,10.2420767
"251","Haugesund, Norway",59.4154805,5.2636464,59.3754805,59.4554805,5.2236464,5.3036464
"252","Stavanger, Norway",58.9680427,5.7324722,58.8080427,59.1280427,5.5724722,5.8924722
"253","Brumunddal, Norway",60.8866339,10.9368128,60.8466339,60.9266339,10.8968128,10.9768128
"254","Oslo, Norway",59.9133301,10.7389701,59.7533301,60.0733301,10.5789701,10.8989701
"255","Melhus, Norway",63.18143325,10.308134487484,63.0196857,63.3446323,9.8784072,10.7161636
"256","Trondheim, Norway",63.4305658,10.3951929,63.2705658,63.5905658,10.2351929,10.5551929
"257","Skogn, Norway",63.704128,11.1862451,63.684128,63.724128,11.1662451,11.2062451
"258","Haukelandshallen, Norway",60.36997165,5.35460308090139,60.3696263,60.3704408,5.3535616,5.355473
"259","Gruben, Norway",59.2734944,9.3122,59.2634944,59.2834944,9.3022,9.3222
"260","Gressvik, Norway",59.2182472,10.9063889,59.1982472,59.2382472,10.8863889,10.9263889
"261","Sandehallen, Norway",59.5866073,10.2420267,59.5865573,59.5866573,10.2419767,10.2420767
"262","Sandehallen, Norway",59.5866073,10.2420267,59.5865573,59.5866573,10.2419767,10.2420767
"263","Gruben, Norway",59.2734944,9.3122,59.2634944,59.2834944,9.3022,9.3222
"264","Sandehallen, Norway",59.5866073,10.2420267,59.5865573,59.5866573,10.2419767,10.2420767
"265","Ganddal, Norway",58.8229843,5.7142597,58.8029843,58.8429843,5.6942597,5.7342597
"266","Halden, Norway",59.0680555,11.5371910022398,58.8768947,59.2596125,11.1535062,11.7105158
"267","Bergen, Norway",60.3943034,5.3258117,60.1760905,60.5360925,5.1445788,5.6867918
"268","Sande, Norway",59.5837488,10.2343919908804,59.4933454,59.674011,10.0374635,10.3980153
"269","Rana, Norway",66.43971315,14.3945922974618,66.0955421,66.7838769,13.1882704,15.5333652
"270","Brumunddal, Norway",60.8866339,10.9368128,60.8466339,60.9266339,10.8968128,10.9768128
"271","Halden, Norway",59.0680555,11.5371910022398,58.8768947,59.2596125,11.1535062,11.7105158
"272","Lurahallen, Norway",58.8822937,5.7387416298317,58.8819992,58.8824283,5.7383661,5.7391393
"273","Lurahallen, Norway",58.8822937,5.7387416298317,58.8819992,58.8824283,5.7383661,5.7391393
"274","Melhus, Norway",63.18143325,10.308134487484,63.0196857,63.3446323,9.8784072,10.7161636
"275","Alta, Norway",70.04962755,23.0825349565332,69.6454509,70.4480212,22.1858185,24.2182312
"276","Haukelandshallen, Norway",60.36997165,5.35460308090139,60.3696263,60.3704408,5.3535616,5.355473
"277","Haukelandshallen, Norway",60.36997165,5.35460308090139,60.3696263,60.3704408,5.3535616,5.355473
"278","Skoger, Norway",59.6762441,10.2479767,59.6562441,59.6962441,10.2279767,10.2679767
"279","Bergen, Norway",60.3943034,5.3258117,60.1760905,60.5360925,5.1445788,5.6867918
"280","Trondheim, Norway",63.4305658,10.3951929,63.2705658,63.5905658,10.2351929,10.5551929
"281","Halden, Norway",59.0680555,11.5371910022398,58.8768947,59.2596125,11.1535062,11.7105158
"282","Lurahallen Sandnes, Norway",58.8822937,5.7387416298317,58.8819992,58.8824283,5.7383661,5.7391393
"283","Drammen, Norway",59.7436749,10.2043749,59.7036749,59.7836749,10.1643749,10.2443749
"284","Askim, Norway",59.59696925,11.1720143863273,59.5380472,59.6559701,11.0905847,11.2609844
"285","Nes, Norway",60.1705037,11.4551179482528,59.9884522,60.3525631,11.2544694,11.8226951
"286","Spikkestad, Norway",59.7443236,10.3400476,59.7243236,59.7643236,10.3200476,10.3600476
"287","Sandehallen, Norway",59.5866073,10.2420267,59.5865573,59.5866573,10.2419767,10.2420767
"288","Hof, Norway",59.530321,10.0883162,59.510321,59.550321,10.0683162,10.1083162
"289","Stavanger, Norway",58.9680427,5.7324722,58.8080427,59.1280427,5.5724722,5.8924722
"290","Bergen, Norway",60.3943034,5.3258117,60.1760905,60.5360925,5.1445788,5.6867918
"291","Sandehallen, Norway",59.5866073,10.2420267,59.5865573,59.5866573,10.2419767,10.2420767
"292","Steinkjer, Norway",64.0946837,11.7501636241319,63.8609352,64.3302902,11.1651412,12.3779535
"293","Drammen, Norway",59.7436749,10.2043749,59.7036749,59.7836749,10.1643749,10.2443749
"294","Varhol, Norway",62.858364,7.226055,62.858314,62.858414,7.226005,7.226105
"295","Brumunddal, Norway",60.8866339,10.9368128,60.8466339,60.9266339,10.8968128,10.9768128
"296","Sande, Norway",59.5837488,10.2343919908804,59.4933454,59.674011,10.0374635,10.3980153
"297","Sande, Norway",59.5837488,10.2343919908804,59.4933454,59.674011,10.0374635,10.3980153
"298","Skedsmo, Norway",59.991267,11.0607272194525,59.9374133,60.0450979,10.9337342,11.1784383
"299","Stavanger, Norway",58.9680427,5.7324722,58.8080427,59.1280427,5.5724722,5.8924722
"300","Lurahallen, Norway",58.8822937,5.7387416298317,58.8819992,58.8824283,5.7383661,5.7391393
"301","Godvik, Norway",60.3790015,5.19273584259687,60.3633839,60.3943709,5.1660344,5.2200095
"302","Gruben, Norway",59.2734944,9.3122,59.2634944,59.2834944,9.3022,9.3222
"303","Bergen, Norway",60.3943034,5.3258117,60.1760905,60.5360925,5.1445788,5.6867918
"304","Gressvik, Norway",59.2182472,10.9063889,59.1982472,59.2382472,10.8863889,10.9263889
"305","Lurahallen, Norway",58.8822937,5.7387416298317,58.8819992,58.8824283,5.7383661,5.7391393
"306","Oslo, Norway",59.9133301,10.7389701,59.7533301,60.0733301,10.5789701,10.8989701
"307","Brumunddal, Norway",60.8866339,10.9368128,60.8466339,60.9266339,10.8968128,10.9768128
"308","Årdalshallen, Norway",58.6673963,7.8125633,58.6673463,58.6674463,7.8125133,7.8126133
"309","Alta, Norway",70.04962755,23.0825349565332,69.6454509,70.4480212,22.1858185,24.2182312
"310","Haugesund, Norway",59.4154805,5.2636464,59.3754805,59.4554805,5.2236464,5.3036464
"311","Gressvik, Norway",59.2182472,10.9063889,59.1982472,59.2382472,10.8863889,10.9263889
"312","Skogn, Norway",63.704128,11.1862451,63.684128,63.724128,11.1662451,11.2062451
"313","Varhol, Norway",62.858364,7.226055,62.858314,62.858414,7.226005,7.226105
"314","Ulefoss, Norway",59.2839949,9.264519,59.2639949,59.3039949,9.244519,9.284519
"315","Gruben, Norway",59.2734944,9.3122,59.2634944,59.2834944,9.3022,9.3222
"316","Bergen, Norway",60.3943034,5.3258117,60.1760905,60.5360925,5.1445788,5.6867918
"317","Steinkjer, Norway",64.0946837,11.7501636241319,63.8609352,64.3302902,11.1651412,12.3779535
"318","Spikkestad, Norway",59.7443236,10.3400476,59.7243236,59.7643236,10.3200476,10.3600476
"319","Sandehallen, Norway",59.5866073,10.2420267,59.5865573,59.5866573,10.2419767,10.2420767
"320","Giskehallen Sandnes, Norway",58.8580895,5.72608723352146,58.8577149,58.8583387,5.7254093,5.7265285
"321","Oslo, Norway",59.9133301,10.7389701,59.7533301,60.0733301,10.5789701,10.8989701
"322","Spikkestad, Norway",59.7443236,10.3400476,59.7243236,59.7643236,10.3200476,10.3600476
"323","Skogn, Norway",63.704128,11.1862451,63.684128,63.724128,11.1662451,11.2062451
"324","Ganddal, Norway",58.8229843,5.7142597,58.8029843,58.8429843,5.6942597,5.7342597
"325","Mandal, Norway",58.0268181,7.4534802,57.9868181,58.0668181,7.4134802,7.4934802
"326","Stavanger, Norway",58.9680427,5.7324722,58.8080427,59.1280427,5.5724722,5.8924722
"327","Sundbyfoss, Norway",59.5129519,10.1258689,59.4929519,59.5329519,10.1058689,10.1458689
"328","Verdal, Norway",63.78622565,11.9203350020204,63.5934181,63.9742223,11.3319211,12.6835681
"329","Halden, Norway",59.0680555,11.5371910022398,58.8768947,59.2596125,11.1535062,11.7105158
"330","Fredrikstad, Norway",59.18620125,10.8680241079714,59.0448769,59.3240315,10.6050122,11.1307181
"331","Brumunddal, Norway",60.8866339,10.9368128,60.8466339,60.9266339,10.8968128,10.9768128
"332","Voss, Norway",60.7135767,6.42693253401713,60.4674169,60.9595517,5.842746,6.9858681
"333","Sandehallen, Norway",59.5866073,10.2420267,59.5865573,59.5866573,10.2419767,10.2420767
"334","Stavanger, Norway",58.9680427,5.7324722,58.8080427,59.1280427,5.5724722,5.8924722
"335","Turnhallen i Drammen, Norway",59.73649055,10.1980439477169,59.7362594,59.7367133,10.1976753,10.1984051
"336","Brumunddal, Norway",60.8866339,10.9368128,60.8466339,60.9266339,10.8968128,10.9768128
"337","Halden, Norway",59.0680555,11.5371910022398,58.8768947,59.2596125,11.1535062,11.7105158
"338","Skedsmohallen, Norway",59.96209685,11.0690556590824,59.9618818,59.9623585,11.068407,11.0697887
"339","Skoger, Norway",59.6762441,10.2479767,59.6562441,59.6962441,10.2279767,10.2679767
"340","Varhol, Norway",62.858364,7.226055,62.858314,62.858414,7.226005,7.226105
"341","Stavanger, Norway",58.9680427,5.7324722,58.8080427,59.1280427,5.5724722,5.8924722
"342","Lurahallen, Norway",58.8822937,5.7387416298317,58.8819992,58.8824283,5.7383661,5.7391393
"343","Sandnes, Norway",58.8516736,5.7367185,58.8116736,58.8916736,5.6967185,5.7767185
"344","Drammen, Norway",59.7436749,10.2043749,59.7036749,59.7836749,10.1643749,10.2443749
"345","Porsholen skole Lura, Norway",58.8808714,5.73630066917808,58.8806733,58.8810422,5.7358711,5.7372942
"346","Askimhallen, Norway",59.5872584,11.1558143,59.5872084,59.5873084,11.1557643,11.1558643
"347","Spikkestad, Norway",59.7443236,10.3400476,59.7243236,59.7643236,10.3200476,10.3600476
"348","Spikkestad, Norway",59.7443236,10.3400476,59.7243236,59.7643236,10.3200476,10.3600476
"349","Skedsmohallen, Norway",59.96209685,11.0690556590824,59.9618818,59.9623585,11.068407,11.0697887
"350","Skoger, Norway",59.6762441,10.2479767,59.6562441,59.6962441,10.2279767,10.2679767
"351","Moss, Norway",59.46288825,10.6573031848424,59.3930639,59.5345809,10.5366786,10.7863953
"352","Fredrikstad, Norway",59.18620125,10.8680241079714,59.0448769,59.3240315,10.6050122,11.1307181
"353","Sandehallen, Norway",59.5866073,10.2420267,59.5865573,59.5866573,10.2419767,10.2420767
"354","Fredrikstad, Norway",59.18620125,10.8680241079714,59.0448769,59.3240315,10.6050122,11.1307181
"355","Politihuset Oslo, Norway",59.910308,10.767919,59.910258,59.910358,10.767869,10.767969
"356","Oslo, Norway",59.9133301,10.7389701,59.7533301,60.0733301,10.5789701,10.8989701
"357","Brumunddal, Norway",60.8866339,10.9368128,60.8466339,60.9266339,10.8968128,10.9768128
"358","Sande, Norway",59.5837488,10.2343919908804,59.4933454,59.674011,10.0374635,10.3980153
"359","Askim, Norway",59.59696925,11.1720143863273,59.5380472,59.6559701,11.0905847,11.2609844
"360","Brumunddal, Norway",60.8866339,10.9368128,60.8466339,60.9266339,10.8968128,10.9768128
"361","Sandehallen, Norway",59.5866073,10.2420267,59.5865573,59.5866573,10.2419767,10.2420767
"362","Sandnes, Norway",58.8516736,5.7367185,58.8116736,58.8916736,5.6967185,5.7767185
"363","Brumunddal, Norway",60.8866339,10.9368128,60.8466339,60.9266339,10.8968128,10.9768128
"364","Skoger, Norway",59.6762441,10.2479767,59.6562441,59.6962441,10.2279767,10.2679767
"365","Sande, Norway",59.5837488,10.2343919908804,59.4933454,59.674011,10.0374635,10.3980153
"366","Stavanger, Norway",58.9680427,5.7324722,58.8080427,59.1280427,5.5724722,5.8924722
"367","Ulefoss, Norway",59.2839949,9.264519,59.2639949,59.3039949,9.244519,9.284519
"368","Klubbhuset, Norway",63.41040265,10.80235855,63.4102868,63.4105185,10.8020637,10.8026534
"369","Voss, Norway",60.7135767,6.42693253401713,60.4674169,60.9595517,5.842746,6.9858681
"370","Skoger, Norway",59.6762441,10.2479767,59.6562441,59.6962441,10.2279767,10.2679767
"371","Spikkestad, Norway",59.7443236,10.3400476,59.7243236,59.7643236,10.3200476,10.3600476
"372","Stavanger, Norway",58.9680427,5.7324722,58.8080427,59.1280427,5.5724722,5.8924722
"373","Sætrehallen, Norway",59.6713094,10.5363299618173,59.670785,59.6716865,10.5355752,10.5373433
"374","Voss, Norway",60.7135767,6.42693253401713,60.4674169,60.9595517,5.842746,6.9858681
"375","Brumunddal, Norway",60.8866339,10.9368128,60.8466339,60.9266339,10.8968128,10.9768128
"376","Ålesund, Norway",62.45971955,6.29352165130137,62.3943575,62.5250799,6.055166,6.5712831
"377","Skogstrand, Norway",59.2540426,10.9178633,59.2539926,59.2540926,10.9178133,10.9179133
"378","Brumunddal, Norway",60.8866339,10.9368128,60.8466339,60.9266339,10.8968128,10.9768128
"379","Voss, Norway",60.7135767,6.42693253401713,60.4674169,60.9595517,5.842746,6.9858681
"380","Alta, Norway",70.04962755,23.0825349565332,69.6454509,70.4480212,22.1858185,24.2182312
"381","Brumunddal, Norway",60.8866339,10.9368128,60.8466339,60.9266339,10.8968128,10.9768128
"382","Skogn, Norway",63.704128,11.1862451,63.684128,63.724128,11.1662451,11.2062451
"383","Askim, Norway",59.59696925,11.1720143863273,59.5380472,59.6559701,11.0905847,11.2609844
"384","Brumunddal, Norway",60.8866339,10.9368128,60.8466339,60.9266339,10.8968128,10.9768128
"385","Voss, Norway",60.7135767,6.42693253401713,60.4674169,60.9595517,5.842746,6.9858681
"386","Halden, Norway",59.0680555,11.5371910022398,58.8768947,59.2596125,11.1535062,11.7105158
"387","Alta, Norway",70.04962755,23.0825349565332,69.6454509,70.4480212,22.1858185,24.2182312
"388","Voss, Norway",60.7135767,6.42693253401713,60.4674169,60.9595517,5.842746,6.9858681
